{
  "project_info": {
    "project_number": "568520744869",
    "firebase_url": "https://uwi-shuttle-user-id.firebaseio.com",
    "project_id": "uwi-shuttle-user-id",
    "storage_bucket": "uwi-shuttle-user-id.appspot.com"
  },
  "client": [
    {
      "client_info": {
        "mobilesdk_app_id": "1:568520744869:android:84b6f42fd2cb1251",
        "android_client_info": {
          "package_name": "edu.uwi.cavehill.bus_pass_phone"
        }
      },
      "oauth_client": [
        {
          "client_id": "568520744869-hjvodl4pd7braliacl785nfqme8sk0qj.apps.googleusercontent.com",
          "client_type": 1,
          "android_info": {
            "package_name": "edu.uwi.cavehill.bus_pass_phone",
            "certificate_hash": "68f06baee7ed350ae45a4f62d34fd3ebc4c9a453"
          }
        },
        {
          "client_id": "568520744869-vb2bp56747vlm0fo5vulo48gteaqr87h.apps.googleusercontent.com",
          "client_type": 3
        }
      ],
      "api_key": [
        {
          "current_key": "AIzaSyAjcHdQ-q7cHhMvupqitBGcB9yNVhweziw"
        }
      ],
      "services": {
        "appinvite_service": {
          "other_platform_oauth_client": [
            {
              "client_id": "568520744869-vb2bp56747vlm0fo5vulo48gteaqr87h.apps.googleusercontent.com",
              "client_type": 3
            }
          ]
        }
      }
    }
  ],
  "configuration_version": "1"
}