{
  "project_info": {
    "project_number": "568520744869",
    "firebase_url": "https://uwi-shuttle-user-id.firebaseio.com",
    "project_id": "uwi-shuttle-user-id",
    "storage_bucket": "uwi-shuttle-user-id.appspot.com"
  },
  "client": [
    {
      "client_info": {
        "mobilesdk_app_id": "1:568520744869:android:56b285e020a7b669",
        "android_client_info": {
          "package_name": "edu.uwi.cavehill.android_things_camera"
        }
      },
      "oauth_client": [
        {
          "client_id": "568520744869-6rn35miqd3fsj8m5652vgtch80j5tq02.apps.googleusercontent.com",
          "client_type": 1,
          "android_info": {
            "package_name": "edu.uwi.cavehill.android_things_camera",
            "certificate_hash": "68f06baee7ed350ae45a4f62d34fd3ebc4c9a453"
          }
        },
        {
          "client_id": "568520744869-fmgj8apqklaamqlptie124lvoht0q6n7.apps.googleusercontent.com",
          "client_type": 1,
          "android_info": {
            "package_name": "edu.uwi.cavehill.android_things_camera",
            "certificate_hash": "ede2e6808d841d1dd7da777e881c82820b712c05"
          }
        },
        {
          "client_id": "568520744869-vb2bp56747vlm0fo5vulo48gteaqr87h.apps.googleusercontent.com",
          "client_type": 3
        }
      ],
      "api_key": [
        {
          "current_key": "AIzaSyAjcHdQ-q7cHhMvupqitBGcB9yNVhweziw"
        }
      ],
      "services": {
        "appinvite_service": {
          "other_platform_oauth_client": [
            {
              "client_id": "568520744869-vb2bp56747vlm0fo5vulo48gteaqr87h.apps.googleusercontent.com",
              "client_type": 3
            }
          ]
        }
      }
    },
    {
      "client_info": {
        "mobilesdk_app_id": "1:568520744869:android:84b6f42fd2cb1251",
        "android_client_info": {
          "package_name": "edu.uwi.cavehill.bus_pass_phone"
        }
      },
      "oauth_client": [
        {
          "client_id": "568520744869-hjvodl4pd7braliacl785nfqme8sk0qj.apps.googleusercontent.com",
          "client_type": 1,
          "android_info": {
            "package_name": "edu.uwi.cavehill.bus_pass_phone",
            "certificate_hash": "68f06baee7ed350ae45a4f62d34fd3ebc4c9a453"
          }
        },
        {
          "client_id": "568520744869-vb2bp56747vlm0fo5vulo48gteaqr87h.apps.googleusercontent.com",
          "client_type": 3
        }
      ],
      "api_key": [
        {
          "current_key": "AIzaSyAjcHdQ-q7cHhMvupqitBGcB9yNVhweziw"
        }
      ],
      "services": {
        "appinvite_service": {
          "other_platform_oauth_client": [
            {
              "client_id": "568520744869-vb2bp56747vlm0fo5vulo48gteaqr87h.apps.googleusercontent.com",
              "client_type": 3
            }
          ]
        }
      }
    },
    {
      "client_info": {
        "mobilesdk_app_id": "1:568520744869:android:93e0220b1561f898",
        "android_client_info": {
          "package_name": "edu.uwi.cavehill.bus_pass_scanner"
        }
      },
      "oauth_client": [
        {
          "client_id": "568520744869-ruet27n2ja5spee4k6ak3k49ua1scdlh.apps.googleusercontent.com",
          "client_type": 1,
          "android_info": {
            "package_name": "edu.uwi.cavehill.bus_pass_scanner",
            "certificate_hash": "68f06baee7ed350ae45a4f62d34fd3ebc4c9a453"
          }
        },
        {
          "client_id": "568520744869-vb2bp56747vlm0fo5vulo48gteaqr87h.apps.googleusercontent.com",
          "client_type": 3
        }
      ],
      "api_key": [
        {
          "current_key": "AIzaSyAjcHdQ-q7cHhMvupqitBGcB9yNVhweziw"
        }
      ],
      "services": {
        "appinvite_service": {
          "other_platform_oauth_client": [
            {
              "client_id": "568520744869-vb2bp56747vlm0fo5vulo48gteaqr87h.apps.googleusercontent.com",
              "client_type": 3
            }
          ]
        }
      }
    },
    {
      "client_info": {
        "mobilesdk_app_id": "1:568520744869:android:dfb565f11ed68740",
        "android_client_info": {
          "package_name": "edu.uwi.cavehill.qrcode_scanner"
        }
      },
      "oauth_client": [
        {
          "client_id": "568520744869-5k0jeobt1oe60n9jprqu609u61fnjqk3.apps.googleusercontent.com",
          "client_type": 1,
          "android_info": {
            "package_name": "edu.uwi.cavehill.qrcode_scanner",
            "certificate_hash": "68f06baee7ed350ae45a4f62d34fd3ebc4c9a453"
          }
        },
        {
          "client_id": "568520744869-vb2bp56747vlm0fo5vulo48gteaqr87h.apps.googleusercontent.com",
          "client_type": 3
        }
      ],
      "api_key": [
        {
          "current_key": "AIzaSyAjcHdQ-q7cHhMvupqitBGcB9yNVhweziw"
        }
      ],
      "services": {
        "appinvite_service": {
          "other_platform_oauth_client": [
            {
              "client_id": "568520744869-vb2bp56747vlm0fo5vulo48gteaqr87h.apps.googleusercontent.com",
              "client_type": 3
            }
          ]
        }
      }
    },
    {
      "client_info": {
        "mobilesdk_app_id": "1:568520744869:android:cb83a82e7aa125b5",
        "android_client_info": {
          "package_name": "example.ivorycirrus.mlkit.barcode"
        }
      },
      "oauth_client": [
        {
          "client_id": "568520744869-0ike8jn9p51eusmqiru71mioah41tmoa.apps.googleusercontent.com",
          "client_type": 1,
          "android_info": {
            "package_name": "example.ivorycirrus.mlkit.barcode",
            "certificate_hash": "68f06baee7ed350ae45a4f62d34fd3ebc4c9a453"
          }
        },
        {
          "client_id": "568520744869-vb2bp56747vlm0fo5vulo48gteaqr87h.apps.googleusercontent.com",
          "client_type": 3
        }
      ],
      "api_key": [
        {
          "current_key": "AIzaSyAjcHdQ-q7cHhMvupqitBGcB9yNVhweziw"
        }
      ],
      "services": {
        "appinvite_service": {
          "other_platform_oauth_client": [
            {
              "client_id": "568520744869-vb2bp56747vlm0fo5vulo48gteaqr87h.apps.googleusercontent.com",
              "client_type": 3
            }
          ]
        }
      }
    }
  ],
  "configuration_version": "1"
}